,,train_accuracy,train_accuracy,train_accuracy,train_accuracy,train_accuracy,train_accuracy,train_accuracy,train_accuracy,test_accuracy,test_accuracy,test_accuracy,test_accuracy,test_accuracy,test_accuracy,test_accuracy,test_accuracy,Precision_class1,Precision_class1,Precision_class1,Precision_class1,Precision_class1,Precision_class1,Precision_class1,Precision_class1,Precision_class2,Precision_class2,Precision_class2,Precision_class2,Precision_class2,Precision_class2,Precision_class2,Precision_class2,Recall_class1,Recall_class1,Recall_class1,Recall_class1,Recall_class1,Recall_class1,Recall_class1,Recall_class1,Recall_class2,Recall_class2,Recall_class2,Recall_class2,Recall_class2,Recall_class2,Recall_class2,Recall_class2,F1_class1,F1_class1,F1_class1,F1_class1,F1_class1,F1_class1,F1_class1,F1_class1,F1_class2,F1_class2,F1_class2,F1_class2,F1_class2,F1_class2,F1_class2,F1_class2,Precision_class1_train,Precision_class1_train,Precision_class1_train,Precision_class1_train,Precision_class1_train,Precision_class1_train,Precision_class1_train,Precision_class1_train,Precision_class2_train,Precision_class2_train,Precision_class2_train,Precision_class2_train,Precision_class2_train,Precision_class2_train,Precision_class2_train,Precision_class2_train,Recall_class1_train,Recall_class1_train,Recall_class1_train,Recall_class1_train,Recall_class1_train,Recall_class1_train,Recall_class1_train,Recall_class1_train,Recall_class2_train,Recall_class2_train,Recall_class2_train,Recall_class2_train,Recall_class2_train,Recall_class2_train,Recall_class2_train,Recall_class2_train,F1_class1_train,F1_class1_train,F1_class1_train,F1_class1_train,F1_class1_train,F1_class1_train,F1_class1_train,F1_class1_train,F1_class2_train,F1_class2_train,F1_class2_train,F1_class2_train,F1_class2_train,F1_class2_train,F1_class2_train,F1_class2_train
,,count,mean,std,min,25%,50%,75%,max,count,mean,std,min,25%,50%,75%,max,count,mean,std,min,25%,50%,75%,max,count,mean,std,min,25%,50%,75%,max,count,mean,std,min,25%,50%,75%,max,count,mean,std,min,25%,50%,75%,max,count,mean,std,min,25%,50%,75%,max,count,mean,std,min,25%,50%,75%,max,count,mean,std,min,25%,50%,75%,max,count,mean,std,min,25%,50%,75%,max,count,mean,std,min,25%,50%,75%,max,count,mean,std,min,25%,50%,75%,max,count,mean,std,min,25%,50%,75%,max,count,mean,std,min,25%,50%,75%,max
experiment,data,,,,,,,,,,,,,,,,,,,,,,,,,,,,,,,,,,,,,,,,,,,,,,,,,,,,,,,,,,,,,,,,,,,,,,,,,,,,,,,,,,,,,,,,,,,,,,,,,,,,,,,,,,,,,,,,
all,mi_cv,52.0,0.8715811965811965,0.06378528443516003,0.7467592592592591,0.822523148148148,0.866111111111111,0.9051388888888889,1.0,52.0,0.5693589743589744,0.16250972950465736,0.43,0.46875000000000006,0.5025000000000001,0.5687500000000001,1.0,52.0,0.5741234351684013,0.1616065125620783,0.4319665954960072,0.4783030858030858,0.5121389721389721,0.5884217865467865,1.0,52.0,0.5736057014252716,0.16225132473822318,0.413203463203463,0.4685272366522366,0.5166674991674991,0.5959478715728717,1.0,52.0,0.5842842370048251,0.16243270564332069,0.3871794871794871,0.47421398046398033,0.5280343267843268,0.6278054584304584,1.0,52.0,0.5637162088477132,0.1649356639504943,0.4086355311355311,0.464527417027417,0.5043055555555556,0.5556880211291975,1.0,52.0,0.5653362616005825,0.16557284409181955,0.4083036081565493,0.46103977624505277,0.5095153339055614,0.5808141451323239,1.0,52.0,0.5543184555468419,0.1671512850158425,0.4072323978200945,0.45051006308493863,0.49245425395411935,0.5422019745820055,1.0,52.0,0.8709215427651041,0.0652478049111908,0.7546738477164252,0.8220238196969157,0.8703827373272505,0.9076946936848573,1.0,52.0,0.8738128150349026,0.06284899602236031,0.738798571570465,0.8286616315300763,0.8707212057549575,0.9045131269027817,1.0,52.0,0.8737332469772869,0.06335079219775969,0.7256180583986465,0.8307479570602024,0.86981739104515,0.903217171877237,1.0,52.0,0.8691728921950079,0.06706958046826945,0.7418382131537689,0.8186080651431324,0.8718006677379458,0.9086800964230848,1.0,52.0,0.8718138760152111,0.06362290607474005,0.7405194653011823,0.8232200188805983,0.8660813799693532,0.9054124738172973,1.0,52.0,0.8709647745887369,0.06431131678340071,0.7513273142318024,0.8213667640448254,0.8659749131659923,0.9047465509454151,1.0
all,mi_real,52.0,0.8620673076923077,0.0686616317369726,0.735,0.815,0.86,0.89625,1.0,52.0,0.5057692307692309,0.08906037066465701,0.325,0.45,0.4875,0.55,0.775,52.0,0.5062936266206706,0.08306544826477091,0.315789473684211,0.4520202020202022,0.49324324324324353,0.5625,0.703703703703704,52.0,0.49932337134977894,0.11768663719959685,0.230769230769231,0.442708333333333,0.4919354838709675,0.5437500000000002,0.923076923076923,52.0,0.5336538461538461,0.16940529017081551,0.2,0.4,0.55,0.6125,0.95,52.0,0.4778846153846156,0.17888912699958232,0.05,0.35,0.5,0.6,0.8,52.0,0.5096437932384764,0.10970577466448057,0.275862068965517,0.421052631578947,0.5,0.580551989730424,0.808510638297872,52.0,0.4763476481485026,0.14451752910813578,0.0869565217391304,0.40882352941176475,0.505813953488372,0.5845588235294115,0.727272727272727,52.0,0.8603697483094409,0.07186487018446926,0.752688172043011,0.810287918555635,0.851120283018868,0.9023050742574258,1.0,52.0,0.8655235712077357,0.06891997946159638,0.717557251908397,0.816785117056856,0.8624070317782284,0.9002475247524753,1.0,52.0,0.8659615384615383,0.07135808787525068,0.691666666666667,0.825,0.86,0.9,1.0,52.0,0.8581730769230768,0.07531723728744105,0.741666666666667,0.8075000000000001,0.85,0.9025000000000001,1.0,52.0,0.862632103558753,0.06867977813126713,0.724890829694323,0.81025641025641,0.8635109161697305,0.8965824266965895,1.0,52.0,0.8612678460491865,0.06914133855338599,0.743961352657005,0.8132633886626995,0.8592076005659994,0.8958685951684877,1.0
all_channels_alphamu,mi_cv,52.0,0.8672507122507122,0.0648914023553723,0.7347222222222223,0.8190277777777777,0.8574999999999998,0.8945833333333333,1.0,52.0,0.5672435897435896,0.16424843178467127,0.4049999999999999,0.46375,0.5066666666666668,0.56125,1.0,52.0,0.5694226608296178,0.16493956443436922,0.3854076479076478,0.47097000834133174,0.5216366966366968,0.5711419830169832,1.0,52.0,0.5745345946788256,0.16278782619846122,0.4196303696303697,0.4627615440115441,0.5166569541569542,0.5853596403596404,1.0,52.0,0.575157097176328,0.16637786817040645,0.3745848595848596,0.4669576257076256,0.5215864690864691,0.5926840520590521,1.0,52.0,0.567019812766419,0.16498493309921694,0.3956177156177156,0.45087343212343217,0.5228807303807304,0.5638841713841715,1.0,52.0,0.558767598275562,0.16853433997995468,0.3695562770562771,0.4532336062742241,0.4959986446003405,0.5656985307471578,1.0,52.0,0.5572929968632772,0.1666764797240606,0.3956421937195931,0.45076397301865057,0.5101532741926296,0.5478954403943972,1.0,52.0,0.8651524366285153,0.06649165794094593,0.7383384274512553,0.8173555461293973,0.8558865187036693,0.8987792449348633,1.0,52.0,0.8709794940530012,0.0638574726495922,0.731578914503655,0.8267432214274949,0.8663425011894059,0.8991821004102036,1.0,52.0,0.8713658711926462,0.06392169340421347,0.725466617585069,0.8309719326400525,0.8701889153871647,0.8985445631624114,1.0,52.0,0.8628157233956278,0.06842653963708385,0.7435589323089343,0.8089563520012497,0.8558515708883117,0.9011734807838523,1.0,52.0,0.8677518609861925,0.06454792344544868,0.7316252690084972,0.8203383505288017,0.858990190004535,0.8938281333892351,1.0,52.0,0.8663486811763698,0.06552700193446434,0.7373141175466585,0.8174558511334425,0.8562654486456616,0.894603411409914,1.0
all_channels_alphamu,mi_real,52.0,0.8552243589743589,0.07353343084373766,0.695833333333333,0.8074999999999998,0.85,0.89,1.0,52.0,0.49567307692307694,0.08599492031369455,0.325,0.425,0.5,0.525,0.8,52.0,0.49316925450946036,0.0825544113673675,0.315789473684211,0.4408823529411763,0.5,0.5252100840336135,0.75,52.0,0.4910840503137841,0.11023643249001415,0.166666666666667,0.416666666666667,0.5,0.529411764705882,0.875,52.0,0.5336538461538463,0.16824385716903045,0.25,0.4,0.55,0.6125,0.9,52.0,0.4576923076923075,0.1594674394771348,0.05,0.4,0.5,0.6,0.7,52.0,0.5048515499581866,0.11078840744735446,0.285714285714286,0.4400641025641025,0.5189718482252139,0.564102564102564,0.818181818181818,52.0,0.46311039603234866,0.132949621736163,0.0769230769230769,0.397560975609756,0.486486486486486,0.5544285007422067,0.777777777777778,52.0,0.8542647296353287,0.07715126934150993,0.704347826086957,0.8008705821205823,0.8426470588235295,0.9062134673836799,1.0,52.0,0.8580021318914386,0.07321758078914381,0.688,0.8122810529476532,0.8543056397816855,0.8961740654205606,1.0,52.0,0.8584615384615386,0.07537187844502632,0.675,0.82,0.86,0.8925000000000001,1.0,52.0,0.8519871794871793,0.08096439308659086,0.69,0.79,0.855,0.91,1.0,52.0,0.8557785476425944,0.07329366990954521,0.68936170212766,0.8111074991873171,0.8521844660194176,0.8902722772277227,1.0,52.0,0.8544123075340377,0.07429766268126867,0.702040816326531,0.801522842639594,0.847680412371134,0.8891666666666667,1.0
bio_channelsConly_alphamu,mi_cv,52.0,0.7675035612535612,0.09433662691379194,0.638888888888889,0.7115277777777779,0.7325000000000002,0.7848611111111112,1.0,52.0,0.5901121794871795,0.16308371188401047,0.4,0.48,0.535,0.6147916666666666,1.0,52.0,0.594421281176089,0.1607464600194664,0.3898312798312798,0.49206220862470856,0.5370608558108556,0.6154127122877122,1.0,52.0,0.5956183859157037,0.1614285169169266,0.3889141414141414,0.4957419663669666,0.5422818847818848,0.6165853663879979,1.0,52.0,0.5972012656147273,0.16303910426966098,0.3765892440892442,0.5024500499500499,0.5527651515151515,0.6365128621378622,1.0,52.0,0.5934555938656619,0.167094435049101,0.34762321012321,0.49099719724719715,0.5351953601953602,0.6377282439782439,1.0,52.0,0.5817674371630224,0.16495878469201447,0.3766874293577079,0.4802298968960026,0.5223165283139708,0.6183928004786128,1.0,52.0,0.5802736001749558,0.16760514775107446,0.3585972507025138,0.47893999705145207,0.5214530161064015,0.6007865410546289,1.0,52.0,0.7671771522521406,0.09493942818865318,0.644647724407984,0.7073224184354059,0.7350352818531034,0.7835630619194756,1.0,52.0,0.7705640478387829,0.09454974407012047,0.6356955178543375,0.7138286556776952,0.7425903082176067,0.7913093827704418,1.0,52.0,0.770702118414584,0.09729146947887234,0.6071716397297793,0.7123515205917412,0.7493729293252198,0.797198467766052,1.0,52.0,0.7636512050069773,0.09928249458568118,0.6252356519687371,0.6996864275771306,0.7352914418098206,0.7908172500669144,1.0,52.0,0.767740412604922,0.09461391333048857,0.6311695535529471,0.7104944189503695,0.7362613154573439,0.7853172073450807,1.0,52.0,0.7658383028256203,0.09547183956229965,0.6438484392927535,0.707724343192158,0.7329244772059196,0.7839026133939456,1.0
bio_channelsConly_alphamu,mi_real,52.0,0.7580769230769234,0.09869816259764326,0.625,0.6941666666666667,0.7275,0.77875,1.0,52.0,0.5322115384615385,0.10137976294528225,0.3,0.475,0.525,0.575,0.8,52.0,0.5337524302176555,0.10556830842166529,0.230769230769231,0.4747899159663865,0.531135531135531,0.6,0.75,52.0,0.5389272888530736,0.14104686315239245,0.2,0.4713345864661655,0.538461538461538,0.5911764705882352,1.0,52.0,0.5461538461538463,0.196749605437518,0.1,0.4375,0.525,0.7,1.0,52.0,0.5182692307692307,0.20025200940311413,0.05,0.4,0.55,0.7,0.9,52.0,0.5253173482974982,0.13287749879598837,0.166666666666667,0.470588235294118,0.525435540069686,0.604651162790698,0.818181818181818,52.0,0.5073734506347225,0.15829908834771442,0.08,0.42781155015197603,0.54054054054054,0.6092995169082125,0.777777777777778,52.0,0.7543462967248827,0.0995183959391357,0.616822429906542,0.689542079207921,0.729705882352941,0.787387640449438,1.0,52.0,0.7653553358788036,0.1011063662448564,0.614678899082569,0.7050874403815585,0.7357865168539325,0.8029411764705883,1.0,52.0,0.7690705128205126,0.10625913440757816,0.58,0.7,0.745,0.82,1.0,52.0,0.7470833333333335,0.1092098153512915,0.56,0.6775,0.72,0.8025,1.0,52.0,0.7603672061421681,0.09856415149748682,0.607329842931937,0.7014423076923078,0.733421052631579,0.7858927760109042,1.0,52.0,0.7546898901909075,0.10091784068911169,0.61139896373057,0.6897344559585494,0.7246059113300495,0.7772101449275365,1.0
bio_channelsOConly_alphamu,mi_cv,52.0,0.7923433048433048,0.08873211964377548,0.6599999999999999,0.7391666666666665,0.7666666666666666,0.8176388888888889,1.0,52.0,0.581025641025641,0.16686594421379394,0.3899999999999999,0.47375,0.5125,0.5974999999999999,1.0,52.0,0.5878792730334019,0.16561920395512825,0.3883982683982686,0.48581529581529587,0.5219504800754802,0.6015560134310133,1.0,52.0,0.5834322789766794,0.16687844477221395,0.3936111111111111,0.48231209762459765,0.5197988122988123,0.6069268231768232,1.0,52.0,0.5890423052626107,0.16575288197496973,0.3760858585858584,0.47837315462315455,0.5437536075036076,0.6126030219780221,1.0,52.0,0.5796075447616738,0.17064048698395562,0.385592463092463,0.4756485875235874,0.5242413142413143,0.6101289682539682,1.0,52.0,0.5745675922503138,0.16874095908789014,0.3853869522290575,0.4698480454232406,0.5151107348701911,0.5999352462216743,1.0,52.0,0.5680921359287537,0.17181635806274245,0.3811464936851932,0.4655162109917123,0.503492885560021,0.5875981508190586,1.0,52.0,0.7900653360236104,0.09028243780000668,0.6588449203389757,0.729204734489484,0.7583934566465578,0.8159243290032953,1.0,52.0,0.7970705493242964,0.08767804241530847,0.6628217578476416,0.7547664398648171,0.7745521970879685,0.8212943346160325,1.0,52.0,0.7990270005735536,0.08800324294264096,0.6554901215979615,0.7555458575882845,0.7791960803308275,0.8220266324737362,1.0,52.0,0.7850344687016555,0.09495687969600457,0.6519261413198494,0.7105076266383077,0.7591019118334622,0.8192772436565946,1.0,52.0,0.7935617937780661,0.08811128209916584,0.6605685659254183,0.7476045267997753,0.7690681705310183,0.8182405606220484,1.0,52.0,0.7900052176441825,0.09039315514088224,0.6556927337191376,0.7294215906791809,0.7625430272148674,0.8166454269053556,1.0
bio_channelsOConly_alphamu,mi_real,52.0,0.7861217948717949,0.09228311507695047,0.64,0.73,0.7637499999999999,0.8162499999999999,1.0,52.0,0.4995192307692309,0.08765607713227996,0.35,0.45,0.5,0.55,0.8,52.0,0.5020228793671228,0.09272732583508922,0.363636363636364,0.448611111111111,0.5,0.5497159090909087,0.75,52.0,0.49892253439964723,0.09814856329791677,0.307692307692308,0.4371428571428573,0.5,0.5462500000000002,0.875,52.0,0.49903846153846154,0.16671285182100573,0.2,0.4,0.45,0.6,0.9,52.0,0.4999999999999999,0.17206929748579464,0.1,0.4,0.5,0.6125,0.9,52.0,0.4897518140222195,0.10945044923418026,0.266666666666667,0.41578947368421026,0.47213622291021695,0.5689102564102563,0.818181818181818,52.0,0.4874439726501728,0.1263955812833002,0.16,0.390243902439024,0.5,0.5744047619047614,0.777777777777778,52.0,0.784678077528237,0.09445959382667002,0.64,0.7169393888796127,0.765957446808511,0.8258186995728523,1.0,52.0,0.7895768890114431,0.0922144157626272,0.64,0.733520408163265,0.7733935158221705,0.821518640350877,1.0,52.0,0.7915064102564102,0.09399581621395801,0.64,0.72,0.775,0.82,1.0,52.0,0.7807371794871796,0.10087493792010707,0.61,0.7,0.78,0.83,1.0,52.0,0.7873538146094066,0.09149685226436408,0.64,0.7309156579461147,0.764805007221955,0.816485753052917,1.0,52.0,0.784384090359782,0.09400417036168213,0.638743455497382,0.7229465904336915,0.7623973526167425,0.8184286977390423,1.0
bio_channelsOPT,mi_cv,52.0,0.8255092592592594,0.07600284708130217,0.702777777777778,0.7841666666666667,0.8097222222222222,0.8422222222222222,1.0,52.0,0.5874679487179486,0.1614646471705364,0.4,0.49875,0.5204166666666667,0.6062500000000001,1.0,52.0,0.5923064790865904,0.16041677807448715,0.3952308802308802,0.49518842268842267,0.5320403207903208,0.607826479076479,1.0,52.0,0.5933092025809785,0.16017641410928682,0.4011111111111109,0.49720508658008655,0.5306956931956932,0.6148128954378954,1.0,52.0,0.5908645441097363,0.16595173196909524,0.3752350427350427,0.4820982142857143,0.5360965423465422,0.604327131202131,1.0,52.0,0.5942537752280398,0.1604973907832965,0.3997488622488623,0.49791167166167155,0.5343957431457431,0.61620337995338,1.0,52.0,0.5772916744757002,0.16681922753723405,0.3782490316700844,0.4718270051615724,0.5132757842660323,0.5940459732158481,1.0,52.0,0.5795382618301862,0.1636338026259284,0.3876861785557436,0.4795841434070334,0.5229167772441661,0.5962684976340918,1.0,52.0,0.8272648747780025,0.07517638300657516,0.703004355782884,0.7847317351986336,0.8135580545655123,0.8499739244243195,1.0,52.0,0.8255610889292418,0.07744236433887168,0.698825680249519,0.7764823965679692,0.8098798604417312,0.8427930911553687,1.0,52.0,0.8237660696316371,0.07957216974130002,0.6918767826008496,0.7740896765030836,0.8122678659257405,0.8418001232957139,1.0,52.0,0.8268788270938862,0.07673496524292393,0.6717641880901231,0.7830358740084147,0.8167231420667433,0.8518900835113634,1.0,52.0,0.8248148253876171,0.07646241137771066,0.6990558418280133,0.7796955367284384,0.8098492728192896,0.8433302891527871,1.0,52.0,0.8255320169888898,0.07616608874102791,0.7047495132731001,0.787238453480287,0.8085638866704266,0.8431835150367708,1.0
bio_channelsOPT,mi_real,52.0,0.8199679487179489,0.07738033870109531,0.71,0.7706249999999998,0.8025,0.8425,1.0,52.0,0.5259615384615383,0.09261473256336059,0.375,0.46875,0.5,0.575,0.775,52.0,0.5261586200505344,0.0977184699879182,0.352941176470588,0.46538461538461573,0.5,0.5812693498452015,0.785714285714286,52.0,0.5318002812087002,0.11129577349933202,0.375,0.45979020979021024,0.5,0.571428571428571,0.866666666666667,52.0,0.5317307692307691,0.18258193061645495,0.15,0.4,0.5,0.6125,0.95,52.0,0.5201923076923077,0.17327854018512445,0.1,0.45,0.55,0.6125,0.85,52.0,0.517636528372877,0.12036827750700413,0.230769230769231,0.444444444444444,0.5250626566416039,0.5845588235294115,0.8,52.0,0.5106087972637865,0.13157947405815604,0.16,0.44215116279069777,0.517279821627648,0.5943446088794928,0.742857142857143,52.0,0.8217651033204193,0.07634130165157071,0.690909090909091,0.7786549707602343,0.800990099009901,0.8438914027149322,1.0,52.0,0.8197604037731632,0.0811654654372081,0.705882352941177,0.759615384615385,0.798989898989899,0.8455641385767789,1.0,52.0,0.8176602564102565,0.08464153531562714,0.683333333333333,0.7575000000000001,0.8,0.86,1.0,52.0,0.8222756410256409,0.07855449855037212,0.66,0.78,0.805,0.85,1.0,52.0,0.8191687192215643,0.07801869374911587,0.707070707070707,0.76530612244898,0.8039751736367665,0.8451734539969835,1.0,52.0,0.8204894042917162,0.07728415992534517,0.694736842105263,0.7757170032191985,0.8039708345649821,0.8421694764862463,1.0
bio_channelsOPT_alphamu,mi_cv,52.0,0.8253080484330483,0.07517607276602967,0.7148148148148149,0.7807638888888887,0.8066666666666668,0.8440277777777777,1.0,52.0,0.5823557692307693,0.1649909815613097,0.37,0.49249999999999994,0.52,0.595,1.0,52.0,0.584894888269427,0.16399896927674534,0.3975091575091575,0.4972960372960374,0.5177511377511378,0.5951614357864357,1.0,52.0,0.5861869568967985,0.16718593494659273,0.3677289377289378,0.49244734432234416,0.525930944055944,0.593951603951604,1.0,52.0,0.5861509404057481,0.16557032660359872,0.3674131424131424,0.4923392579642579,0.5253724053724054,0.5964690170940172,1.0,52.0,0.5852155483405485,0.16768559155316606,0.3522161172161173,0.488510656010656,0.5258934121434121,0.6175450937950938,1.0,52.0,0.5714887631493203,0.16808531027930582,0.3838563106401981,0.47676496156809783,0.5072977002395161,0.5818867239822606,1.0,52.0,0.5718356696581396,0.17063004558584333,0.3319367268438475,0.4785120106314916,0.5072286463181604,0.5863731799601364,1.0,52.0,0.8268856618517911,0.07471530771791628,0.7232002807236131,0.7786924275528452,0.8111830765941979,0.8476328986940331,1.0,52.0,0.825557090261207,0.07634408192295139,0.7012282056572874,0.7815804390219683,0.8066137180935822,0.84047840824899,1.0,52.0,0.823846092106301,0.07861445116615763,0.6792493448573553,0.7830216911186749,0.8121674449319751,0.8433885623141211,1.0,52.0,0.826325747743013,0.07610575857338132,0.7170591367645469,0.7728415862640149,0.8096913296089392,0.8481236110934721,1.0,52.0,0.8246766635362885,0.07570866431151492,0.7038355937654048,0.7779919334269589,0.805960699009397,0.8456108627369456,1.0,52.0,0.8252673287472128,0.07523738427969201,0.7219976344092568,0.7812881510950926,0.806032816019648,0.8421541557233941,1.0
bio_channelsOPT_alphamu,mi_real,52.0,0.8144070512820512,0.08060743256424076,0.679166666666667,0.77,0.8,0.8262499999999999,1.0,52.0,0.5250000000000001,0.10170121560188924,0.35,0.45,0.5375000000000001,0.5812499999999999,0.825,52.0,0.5211318233465068,0.10519444664953333,0.333333333333333,0.4520202020202022,0.5313725490196075,0.588235294117647,0.76,52.0,0.5396178382319295,0.12811055748394629,0.3125,0.442708333333333,0.542857142857143,0.5931818181818183,0.933333333333333,52.0,0.5394230769230768,0.19736910243061973,0.2,0.4,0.5,0.65,0.95,52.0,0.510576923076923,0.16578291335048484,0.15,0.4,0.525,0.65,0.85,52.0,0.5190975499660386,0.13245472640007844,0.266666666666667,0.442708333333333,0.5349761526232111,0.5981198589894244,0.844444444444444,52.0,0.5086571192076543,0.12291216222344925,0.24,0.42044063647490804,0.5,0.604651162790698,0.8,52.0,0.8160236455005317,0.07953826672110904,0.704081632653061,0.7714059196617338,0.7999799979998,0.8337378640776698,1.0,52.0,0.8150414204794418,0.08460451661519598,0.659259259259259,0.7602163461538465,0.8008590578684035,0.8373948106591863,1.0,52.0,0.8123717948717949,0.09136721507529405,0.616666666666667,0.765,0.8,0.85,1.0,52.0,0.8164423076923076,0.08206354732909504,0.67,0.765,0.8,0.84,1.0,52.0,0.813395548088076,0.08234496781567216,0.657777777777778,0.7650790682765255,0.800990099009901,0.8221275959958165,1.0,52.0,0.8149455064861809,0.07988484449992185,0.698039215686274,0.7725798340457632,0.794994874871872,0.8315217391304345,1.0
bio_channelsOonly_alphamu,mi_cv,52.0,0.7049804131054132,0.11943792427377276,0.5650000000000001,0.62375,0.6583333333333334,0.7456944444444443,1.0,52.0,0.5991666666666665,0.16621491062525415,0.4,0.485,0.53,0.685,1.0,52.0,0.6051675037506485,0.16182051901254896,0.4005627705627706,0.4970694583194583,0.5388440072998897,0.6776966089466089,1.0,52.0,0.60875438397073,0.1631763411888729,0.4205465367965367,0.49594232156732143,0.5375992063492063,0.6909472471972471,1.0,52.0,0.605334231348089,0.17572345574882217,0.2799950049950049,0.4923998917748919,0.5657661782661781,0.6871530552780553,1.0,52.0,0.6074788762331184,0.17191296841405473,0.3112942612942613,0.478295581052934,0.5533459595959598,0.6890620490620489,1.0,52.0,0.5870666037217026,0.1749402196827451,0.3286015850334734,0.4712170157189842,0.5218995586793069,0.669686268843255,1.0,52.0,0.5905349048091334,0.17140453728208585,0.3608690655749479,0.482494888552467,0.5166831026842469,0.6762181072673905,1.0,52.0,0.70904840750165,0.11860765239535144,0.5835730063081139,0.6289967845080493,0.6610473500512508,0.7456913286839156,1.0,52.0,0.7072016361182665,0.11870518076892607,0.5459733060638614,0.6351110844042033,0.6601667456028999,0.7494025144741016,1.0,52.0,0.699651430987777,0.13839897114809468,0.3266293804476921,0.6341628399630573,0.6845497451917477,0.7480872596946749,1.0,52.0,0.7089451761298478,0.12983192897087784,0.4677942583846486,0.6261968619488636,0.6804492685768244,0.7560312782549847,1.0,52.0,0.6995986446111346,0.12770421195023737,0.42250558716854,0.6346477736160516,0.6585532245597602,0.7452929845634619,1.0,52.0,0.7039805764597419,0.12146940369971,0.5427475155055386,0.6280932229866891,0.66147865241276,0.7457864882704228,1.0
bio_channelsOonly_alphamu,mi_real,52.0,0.6960737179487181,0.12507289122443419,0.54,0.6162500000000003,0.64,0.75125,1.0,52.0,0.5100961538461537,0.09145603457086278,0.275,0.45,0.5,0.55625,0.8,52.0,0.5218593281651319,0.1320104843523949,0.263157894736842,0.461538461538462,0.5,0.5744047619047614,1.0,52.0,0.5143776328486245,0.12248768627053992,0.285714285714286,0.428571428571429,0.5,0.5708333333333335,1.0,52.0,0.4884615384615382,0.23569159489355807,0.1,0.3,0.42500000000000004,0.7,1.0,52.0,0.5317307692307692,0.23702172609812364,0.05,0.3875,0.55,0.7,1.0,52.0,0.47424382693858785,0.15297950809995872,0.173913043478261,0.363636363636364,0.475757575757576,0.6004914004914007,0.789473684210526,52.0,0.4932666447877677,0.1643891153174554,0.0869565217391304,0.4076923076923075,0.5349593495934954,0.612179487179487,0.80952380952381,52.0,0.701704817397492,0.12545002418892442,0.564516129032258,0.6136953298739806,0.6534679089026916,0.754247572815534,1.0,52.0,0.6963901421742448,0.12515917760186843,0.528985507246377,0.613101274992756,0.6499057196731615,0.7473554482900275,1.0,52.0,0.6829807692307692,0.15746367168903813,0.26,0.59,0.69,0.77,1.0,52.0,0.7091666666666667,0.13804758265269523,0.4,0.62,0.685,0.785,1.0,52.0,0.687780123123712,0.13846545399964572,0.371428571428571,0.610510007111653,0.6527908771328135,0.7490384615384618,1.0,52.0,0.6991032515163419,0.12470049563400613,0.506329113924051,0.6128618113912228,0.657275132275132,0.7527439024390246,1.0
bio_channelsPT,mi_cv,52.0,0.8461787749287748,0.06874133067993736,0.7240740740740743,0.7973611111111112,0.8361111111111112,0.8613888888888889,1.0,52.0,0.5765865384615384,0.16293721638072886,0.43,0.475,0.505,0.5812499999999999,1.0,52.0,0.5789354561978999,0.1636873325765421,0.4074999999999999,0.47528797591297584,0.5099261849261851,0.5931014124764125,1.0,52.0,0.5820418181782494,0.16131461830536703,0.4248412698412697,0.47810991092241073,0.5109371184371185,0.5905140692640691,1.0,52.0,0.5811545453980408,0.16716079701699482,0.3264141414141413,0.475878010878011,0.5241106116106116,0.6156626012876012,1.0,52.0,0.5788245235784829,0.16292921130257462,0.4287970362970364,0.47516920579420563,0.5193495393495393,0.5970906177156176,1.0,52.0,0.5664285901713276,0.16881667012353274,0.3587063813379604,0.45729183766981585,0.5036613602517492,0.5784636422247978,1.0,52.0,0.5665608441581179,0.16500868623107026,0.4245083587834967,0.46137088104530066,0.501362132371151,0.5796047503669659,1.0,52.0,0.8462976901355458,0.06929850054476001,0.7284123572228087,0.7976009333019746,0.8360830102389587,0.8757733904236895,1.0,52.0,0.8480192063840911,0.06892810208545094,0.7183154225664767,0.7997221507993331,0.8371635238480502,0.8643751641620641,1.0,52.0,0.8474976871877462,0.06960689967581772,0.7099107543903967,0.803874888801468,0.8353998319356682,0.871371532165798,1.0,52.0,0.8445217347792404,0.07176690629066713,0.7052820229602254,0.7957632300235413,0.8375731879263196,0.8753771802293248,1.0,52.0,0.8462230913107598,0.06850240862418995,0.7197956838189514,0.7993206503968928,0.8394990953650976,0.8605693497212759,1.0,52.0,0.8455862426131601,0.0694407579518403,0.7273534751303681,0.7938791758336017,0.8328942100028769,0.862796395060613,1.0
bio_channelsPT,mi_real,52.0,0.8373557692307692,0.0737158992381291,0.704166666666667,0.77875,0.83,0.86,1.0,52.0,0.510576923076923,0.1100741899818065,0.325,0.425,0.5125,0.575,0.825,52.0,0.5040796775171825,0.11823542920602213,0.181818181818182,0.43442028985507225,0.5075757575757576,0.5628571428571427,0.782608695652174,52.0,0.50862446091249,0.12904020070330502,0.285714285714286,0.428571428571429,0.5092592592592591,0.5667701863354038,0.882352941176471,52.0,0.5326923076923078,0.19824836259853826,0.1,0.4,0.5,0.7,0.9,52.0,0.48846153846153845,0.18434180332330669,0.1,0.3875,0.5,0.65,0.75,52.0,0.5078242114987317,0.14545077697765366,0.129032258064516,0.446875,0.521904761904762,0.588903743315508,0.837209302325581,52.0,0.48554705400305226,0.15123512524206492,0.148148148148148,0.4091915836101885,0.5,0.5948821161587122,0.810810810810811,52.0,0.8337657190175862,0.07794566237440662,0.692913385826772,0.7722045995241873,0.8238363124943291,0.8680102040816324,1.0,52.0,0.8432186427207478,0.07263980993467278,0.716814159292035,0.791280864197531,0.8316310578426265,0.870241935483871,1.0,52.0,0.8456730769230769,0.07334912160360282,0.73,0.8075000000000001,0.83,0.8725,1.0,52.0,0.8290384615384618,0.08546957704725604,0.64,0.7675000000000001,0.82,0.87,1.0,52.0,0.8389865332672737,0.07223814529173365,0.712550607287449,0.7835142640747285,0.8312724658519051,0.8589393939393934,1.0,52.0,0.8353227216362739,0.07602458884707111,0.695278969957082,0.7745260540764533,0.8301971431944279,0.862185437293729,1.0
bio_channelsPT_alphamu_cv,mi_cv,52.0,0.8414707977207976,0.07028585313178852,0.7166666666666667,0.7959722222222223,0.8277777777777777,0.8605555555555555,1.0,52.0,0.575,0.16456989893047552,0.385,0.47375000000000006,0.5175000000000001,0.5900000000000001,1.0,52.0,0.5779048018032747,0.16375633870621525,0.3736538461538462,0.4867768750856986,0.5166160228660228,0.5915380452880453,1.0,52.0,0.579638085487916,0.16238472469687873,0.4158574758574759,0.4845344932844932,0.5232238349885409,0.5815295815295815,1.0,52.0,0.5801570581518191,0.1640674134068327,0.345479797979798,0.48772366522366517,0.526518759018759,0.5718604312354312,1.0,52.0,0.5773096140912882,0.16817339201211434,0.3707251082251082,0.4751636557886557,0.5186258186258186,0.6141598679098679,1.0,52.0,0.5656849174531922,0.16734424558535868,0.3498380532436259,0.47599171165801935,0.5036183884757391,0.561043942540611,1.0,52.0,0.564346020347296,0.1690747599436342,0.3860638535870732,0.4534225810738967,0.5081063058576856,0.5930360155989446,1.0,52.0,0.8397548650642321,0.0724458882934474,0.7208000933323319,0.7856520886883562,0.832221924710958,0.8661656818520486,1.0,52.0,0.8453870139063604,0.06916191728630228,0.7142212808371142,0.8017253933251789,0.8376618187266618,0.8528954251674685,1.0,52.0,0.8459478785529007,0.06970319835994172,0.7067642819629089,0.8046174753329833,0.8401766482290609,0.8561079686978706,1.0,52.0,0.8365492716824151,0.07644136876949698,0.7099240545107327,0.7788884418897691,0.8299390806634592,0.8634118204163771,1.0,52.0,0.8421057565354454,0.06969072279441496,0.7128155790216529,0.7965059652204532,0.8301856272583501,0.8583436853854618,1.0,52.0,0.8401637280845562,0.07153584148195774,0.7188532205886728,0.7908838202167251,0.828177383362262,0.8624675151656299,1.0
bio_channelsPT_alphamu_cv,mi_real,52.0,0.8322916666666665,0.07719656936257441,0.691666666666667,0.775,0.825,0.86125,1.0,52.0,0.5129807692307692,0.10818130939010429,0.325,0.425,0.5125,0.575,0.85,52.0,0.5072576938741045,0.1154339617700599,0.181818181818182,0.44447890818858526,0.5086206896551725,0.571428571428571,0.791666666666667,52.0,0.5197296507084044,0.12701910240826497,0.333333333333333,0.4371428571428573,0.5086206896551725,0.5845588235294115,0.9375,52.0,0.5423076923076924,0.20612784329829256,0.1,0.4,0.525,0.7,0.95,52.0,0.4836538461538461,0.18223050309821032,0.15,0.3875,0.5,0.6,0.85,52.0,0.5125302786776754,0.1440989169943205,0.129032258064516,0.427772600186393,0.521848739495798,0.6095829636202308,0.863636363636364,52.0,0.48505482466494737,0.14205796388859546,0.206896551724138,0.397560975609756,0.486486486486486,0.6,0.833333333333333,52.0,0.8309947362655077,0.07964087360914082,0.694915254237288,0.7749316221333897,0.8276029526029525,0.8647836538461535,1.0,52.0,0.8353253125144202,0.07750673429543965,0.688524590163934,0.7820114667940754,0.829160319878142,0.8572524549918167,1.0,52.0,0.8362179487179489,0.07898120028414429,0.68,0.79,0.825,0.8625,1.0,52.0,0.8283653846153846,0.08446905196025854,0.69,0.77,0.83,0.87,1.0,52.0,0.8330205999749078,0.07656345046020192,0.689075630252101,0.7793957044048055,0.8253256076299864,0.860776128633271,1.0,52.0,0.8312637208399167,0.07842711233001051,0.694214876033058,0.773471316980944,0.8255566826063855,0.8614242193450112,1.0
